frase,glosa_predicha,glosa_real,eq?,accuracy-score
bi'μngí yι mbμhí nge hín dímáné gwaporá nge dímádáhní,"[[['bi', '3.cpl'], [""'μn"", 'stem'], ['gí', '1.obj'], 'v'], [['yι', 'det.pl'], 'det'], [['mbμhí', 'stem'], 'obl'], [['nge', 'stem'], 'cnj'], [['hín', 'stem'], 'neg'], [['dí', '1.icp'], ['má', 'ctrf'], ['né', 'stem'], 'v'], [['gwa', '1.icp.irr'], ['porá', 'stem'], 'v'], [['nge', 'stem'], 'cnj'], [['dí', '1.icp'], ['má', 'ctrf'], ['dáhní', 'stem'], 'v']]","[[['bi', '3.cpl'], [""'μn"", 'stem'], ['gí', '1.obj'], 'v'], [['yι', 'det.pl'], 'det'], [['mbμhí', 'stem'], 'obl'], [['nge', 'stem'], 'cnj'], [['hín', 'stem'], 'neg'], [['dí', '1.icp'], ['má', 'ctrf'], ['né', 'stem'], 'v'], [['gwa', '1.icp.irr'], ['porá', 'stem'], 'v'], [['nge', 'stem'], 'cnj'], [['dí', '1.icp'], ['má', 'ctrf'], ['dáhní', 'stem'], 'v']]",True,1.0
komo beinte o treinta pero despwés xo binkhμtsí,"[[['komo', 'stem'], 'obl'], [['beinte', 'stem'], 'obl'], [['o', 'stem'], 'obl'], [['treinta', 'stem'], 'obl'], [['pero', 'stem'], 'obl'], [['despwés', 'stem'], 'obl'], [['xo', 'stem'], 'cnj'], [['bi', '3.cpl'], ['nkhμtsí', 'stem'], 'v']]","[[['komo', 'stem'], 'obl'], [['beinte', 'stem'], 'obl'], [['o', 'stem'], 'obl'], [['treinta', 'stem'], 'obl'], [['pero', 'stem'], 'obl'], [['despwés', 'stem'], 'obl'], [['xo', 'stem'], 'cnj'], [['bi', '3.cpl'], ['nkhμtsí', 'stem'], 'v']]",True,1.0
xo mitahá rι ntsoyι mitá sínko pesos rι béhñι dos sinkwenta,"[[['xo', 'stem'], 'cnj'], [['m', 'psd'], ['i', '3.icp'], ['tahá', 'stem'], 'v'], [['rι', 'det'], 'det'], [['ntsoyι', 'stem'], 'obl'], [['m', 'psd'], ['i', '3.icp'], ['tá', 'stem'], 'v'], [['sínko', 'stem'], 'obl'], [['pesos', 'stem'], 'obl'], [['rι', 'det'], 'det'], [['béhñι', 'stem'], 'obl'], [['dos', 'stem'], 'obl'], [['sinkwenta', 'stem'], 'obl']]","[[['xo', 'stem'], 'cnj'], [['m', 'psd'], ['i', '3.icp'], ['tahá', 'stem'], 'v'], [['rι', 'det'], 'det'], [['ntsoyι', 'stem'], 'obl'], [['m', 'psd'], ['i', '3.icp'], ['tá', 'stem'], 'v'], [['sínko', 'stem'], 'obl'], [['pesos', 'stem'], 'obl'], [['rι', 'det'], 'det'], [['béhñι', 'stem'], 'obl'], [['dos', 'stem'], 'obl'], [['sinkwenta', 'stem'], 'obl']]",True,1.0
pero phä nι rι óra nι rι tiempo dapohó,"[[['pero', 'stem'], 'obl'], [['phä', 'stem'], 'v'], [['nι', 'stem'], 'dem'], [['rι', 'det'], 'det'], [['óra', 'stem'], 'obl'], [['nι', 'stem'], 'dem'], [['rι', 'det'], 'det'], [['tiempo', 'stem'], 'obl'], [['da', '3.pot'], ['pohó', 'stem'], 'v']]","[[['pero', 'stem'], 'obl'], [['phä', 'stem'], 'v'], [['nι', 'stem'], 'dem'], [['rι', 'det'], 'det'], [['óra', 'stem'], 'obl'], [['nι', 'stem'], 'dem'], [['rι', 'det'], 'det'], [['tiempo', 'stem'], 'obl'], [['da', '3.pot'], ['pohó', 'stem'], 'v']]",True,1.0
nuyι khóngi ndóndo rι tiempo yι nι rι órayι',"[[['nuyι', 'stem'], 'obl'], [['khóngi', 'stem'], 'obl'], [['ndóndo', 'stem'], 'obl'], [['rι', 'det'], 'det'], [['tiempo', 'stem'], 'obl'], [['yι', 'det.pl'], 'det'], [['nι', 'stem'], 'dem'], [['rι', 'det'], 'det'], [['óra', 'stem'], [""yι'"", 'lim'], 'unkwn']]","[[['nuyι', 'stem'], 'obl'], [['khóngi', 'stem'], 'obl'], [['ndóndo', 'stem'], 'obl'], [['rι', 'det'], 'det'], [['tiempo', 'stem'], 'obl'], [['yι', 'det.pl'], 'det'], [['nι', 'stem'], 'dem'], [['rι', 'det'], 'det'], [['óra', 'stem'], [""yι'"", 'lim'], 'unkwn']]",True,1.0
puro trábáhó bale beintisínko pesos,"[[['puro', 'stem'], 'obl'], [['trábáhó', 'stem'], 'obl'], [['bale', 'stem'], 'obl'], [['beintisínko', 'stem'], 'obl'], [['pesos', 'stem'], 'obl']]","[[['puro', 'stem'], 'obl'], [['trábáhó', 'stem'], 'obl'], [['bale', 'stem'], 'obl'], [['beintisínko', 'stem'], 'obl'], [['pesos', 'stem'], 'obl']]",True,1.0
xungú sólo k'ι mikhá k'ι hä xo rι ntsítsí,"[[['xungú', 'stem'], 'dec'], [['sólo', 'stem'], 'obl'], [[""k'ι"", 'stem'], 'dem'], [['m', 'psd'], ['i', '3.icp'], ['khá', 'stem'], 'v'], [[""k'ι"", 'stem'], 'dem'], [['hä', 'stem'], 'obl'], [['xo', 'stem'], 'cnj'], [['rι', 'det'], 'det'], [['ntsítsí', 'stem'], 'obl']]","[[['xungú', 'stem'], 'dec'], [['sólo', 'stem'], 'obl'], [[""k'ι"", 'stem'], 'dem'], [['m', 'psd'], ['i', '3.icp'], ['khá', 'stem'], 'v'], [[""k'ι"", 'stem'], 'dem'], [['hä', 'stem'], 'obl'], [['xo', 'stem'], 'cnj'], [['rι', 'det'], 'det'], [['ntsítsí', 'stem'], 'obl']]",True,1.0
hitsu xayi tsá dónúhí k'ι porke mbrιñoní,"[[['hitsu', 'stem'], 'obl'], [['xayi', 'stem'], 'obl'], [['tsá', 'stem'], 'v'], [['dó', '1.cpl'], ['nú', 'stem'], ['hí', 'pl'], 'v'], [[""k'ι"", 'stem'], 'dem'], [['porke', 'stem'], 'cnj'], [['m', 'psd'], ['b', 'lig'], ['rι', '3.cnt'], ['ñoní', 'stem'], 'v']]","[[['hitsu', 'stem'], 'obl'], [['xayi', 'stem'], 'obl'], [['tsá', 'stem'], 'v'], [['dó', '1.cpl'], ['nú', 'stem'], ['hí', 'pl'], 'v'], [[""k'ι"", 'stem'], 'dem'], [['porke', 'stem'], 'cnj'], [['m', 'psd'], ['b', 'lig'], ['rι', '3.cnt'], ['ñoní', 'stem'], 'v']]",True,1.0
komo xo dí'úthó yι páxí xayi k'ι rι estufa,"[[['komo', 'stem'], 'obl'], [['xo', 'stem'], 'cnj'], [['dí', '1.icp'], [""'ú"", 'stem'], ['thó', 'ila'], 'v'], [['yι', 'det.pl'], 'det'], [['páxí', 'stem'], 'obl'], [['xayi', 'stem'], 'obl'], [[""k'ι"", 'stem'], 'dem'], [['rι', 'det'], 'det'], [['estufa', 'stem'], 'obl']]","[[['komo', 'stem'], 'obl'], [['xo', 'stem'], 'cnj'], [['dí', '1.icp'], [""'ú"", 'stem'], ['thó', 'ila'], 'v'], [['yι', 'det.pl'], 'det'], [['páxí', 'stem'], 'obl'], [['xayi', 'stem'], 'obl'], [[""k'ι"", 'stem'], 'dem'], [['rι', 'det'], 'det'], [['estufa', 'stem'], 'obl']]",True,1.0
ntsothó dípε'ts'i yι mäthotí zíhní,"[[['ntsothó', 'stem'], 'obl'], [['dí', '1.icp'], [""pε'ts'i"", 'stem'], 'v'], [['yι', 'det.pl'], 'det'], [['mä', '1.pss'], ['thotí', 'stem'], 'n'], [['zíhní', 'stem'], 'obl']]","[[['ntsothó', 'stem'], 'obl'], [['dí', '1.icp'], [""pε'ts'i"", 'stem'], 'v'], [['yι', 'det.pl'], 'det'], [['mä', '1.pss'], ['thotí', 'stem'], 'n'], [['zíhní', 'stem'], 'obl']]",True,1.0
mäthotí bεhthó díthéhyι' 'bμihthó,"[[['mä', '1.pss'], ['thotí', 'stem'], 'n'], [['bεhthó', 'stem'], 'obl'], [['dí', '1.icp'], ['thé', 'stem'], ['h', 'lig'], [""yι'"", 'lim'], 'v'], [[""'bμi"", 'stem'], ['h', 'lig'], ['thó', 'ila'], 'v']]","[[['mä', '1.pss'], ['thotí', 'stem'], 'n'], [['bεhthó', 'stem'], 'obl'], [['dí', '1.icp'], ['thé', 'stem'], ['h', 'lig'], [""yι'"", 'lim'], 'v'], [[""'bμi"", 'stem'], ['h', 'lig'], ['thó', 'ila'], 'v']]",True,1.0
komo biyet'é biyent'iι' déhéyι'wi,"[[['komo', 'stem'], 'obl'], [['bi', '3.cpl'], [""yet'é"", 'stem'], 'v'], [['bi', '3.cpl'], [""yent'i"", 'stem'], [""ι'"", 'lim'], 'v'], [['déhé', 'stem'], [""yι'"", 'lim'], ['wi', 'prag'], 'unkwn']]","[[['komo', 'stem'], 'obl'], [['bi', '3.cpl'], [""yet'é"", 'stem'], 'v'], [['bi', '3.cpl'], [""yent'i"", 'stem'], [""ι'"", 'lim'], 'v'], [['déhé', 'stem'], [""yι'"", 'lim'], ['wi', 'prag'], 'unkwn']]",True,1.0
gomátú rι páxí 'á níhí ngehña k'ι yι ndäniyι'wi yι pasturayι'wi,"[[['go', '1.pot'], ['má', 'ctrf'], ['tú', 'stem'], 'v'], [['rι', 'det'], 'det'], [['páxí', 'stem'], 'obl'], [[""'á"", 'stem'], 'p.loc'], [['níhí', 'stem'], 'obl'], [['ngehña', 'stem'], 'cnj'], [[""k'ι"", 'stem'], 'dem'], [['yι', 'det.pl'], 'det'], [['ndäni', 'stem'], [""yι'"", 'lim'], ['wi', 'prag'], 'unkwn'], [['yι', 'det.pl'], 'det'], [['pastura', 'stem'], [""yι'"", 'lim'], ['wi', 'prag'], 'unkwn']]","[[['go', '1.pot'], ['má', 'ctrf'], ['tú', 'stem'], 'v'], [['rι', 'det'], 'det'], [['páxí', 'stem'], 'obl'], [[""'á"", 'stem'], 'p.loc'], [['níhí', 'stem'], 'obl'], [['ngehña', 'stem'], 'cnj'], [[""k'ι"", 'stem'], 'dem'], [['yι', 'det.pl'], 'det'], [['ndäni', 'stem'], [""yι'"", 'lim'], ['wi', 'prag'], 'unkwn'], [['yι', 'det.pl'], 'det'], [['pastura', 'stem'], [""yι'"", 'lim'], ['wi', 'prag'], 'unkwn']]",True,1.0
entonses xo ndi'bμi kontentoyι'wi,"[[['entonses', 'stem'], 'obl'], [['xo', 'stem'], 'cnj'], [['n', 'psd'], ['di', '3.icp.irr'], [""'bμi"", 'stem'], 'v'], [['kontento', 'stem'], [""yι'"", 'lim'], ['wi', 'prag'], 'unkwn']]","[[['entonses', 'stem'], 'obl'], [['xo', 'stem'], 'cnj'], [['n', 'psd'], ['di', '3.icp.irr'], [""'bμi"", 'stem'], 'v'], [['kontento', 'stem'], [""yι'"", 'lim'], ['wi', 'prag'], 'unkwn']]",True,1.0
despwés xo dónúyι' más más ndrιmámuy triste 'á mängú,"[[['despwés', 'stem'], 'obl'], [['xo', 'stem'], 'cnj'], [['dó', '1.cpl'], ['nú', 'stem'], [""yι'"", 'lim'], 'v'], [['más', 'stem'], 'obl'], [['más', 'stem'], 'obl'], [['n', 'psd'], ['drι', '1.cnt'], ['má', 'ctrf'], ['muy', 'stem'], 'v'], [['triste', 'stem'], 'obl'], [[""'á"", 'stem'], 'p.loc'], [['mä', '1.pss'], ['ngú', 'stem'], 'n']]","[[['despwés', 'stem'], 'obl'], [['xo', 'stem'], 'cnj'], [['dó', '1.cpl'], ['nú', 'stem'], [""yι'"", 'lim'], 'v'], [['más', 'stem'], 'obl'], [['más', 'stem'], 'obl'], [['n', 'psd'], ['drι', '1.cnt'], ['má', 'ctrf'], ['muy', 'stem'], 'v'], [['triste', 'stem'], 'obl'], [[""'á"", 'stem'], 'p.loc'], [['mä', '1.pss'], ['ngú', 'stem'], 'n']]",True,1.0
dótsíbé k'ι rι hmíyι'wi gehña dómábé,"[[['dó', '1.cpl'], ['tsí', 'stem'], ['bé', 'dual.exc'], 'v'], [[""k'ι"", 'stem'], 'dem'], [['rι', 'det'], 'det'], [['hmí', 'stem'], [""yι'"", 'lim'], ['wi', 'prag'], 'unkwn'], [['gehña', 'stem'], 'cnj'], [['dó', '1.cpl'], ['má', 'stem'], ['bé', 'dual.exc'], 'v']]","[[['dó', '1.cpl'], ['tsí', 'stem'], ['bé', 'dual.exc'], 'v'], [[""k'ι"", 'stem'], 'dem'], [['rι', 'det'], 'det'], [['hmí', 'stem'], [""yι'"", 'lim'], ['wi', 'prag'], 'unkwn'], [['gehña', 'stem'], 'cnj'], [['dó', '1.cpl'], ['má', 'stem'], ['bé', 'dual.exc'], 'v']]",True,1.0
dúnthí rι 'ámbre mipε'ts'i k'ι bigohí,"[[['dúnthí', 'stem'], 'obl'], [['rι', 'det'], 'det'], [[""'ámbre"", 'stem'], 'obl'], [['m', 'psd'], ['i', '3.icp'], [""pε'ts'i"", 'stem'], 'v'], [[""k'ι"", 'stem'], 'dem'], [['bi', '3.cpl'], ['gohí', 'stem'], 'v']]","[[['dúnthí', 'stem'], 'obl'], [['rι', 'det'], 'det'], [[""'ámbre"", 'stem'], 'obl'], [['m', 'psd'], ['i', '3.icp'], [""pε'ts'i"", 'stem'], 'v'], [[""k'ι"", 'stem'], 'dem'], [['bi', '3.cpl'], ['gohí', 'stem'], 'v']]",True,1.0
por koperasión xiñäntsi rι eskwéla,"[[['por', 'stem'], 'obl'], [['koperasión', 'stem'], 'obl'], [['xi', '3.prf'], ['ñäntsi', 'stem'], 'v'], [['rι', 'det'], 'det'], [['eskwéla', 'stem'], 'obl']]","[[['por', 'stem'], 'obl'], [['koperasión', 'stem'], 'obl'], [['xi', '3.prf'], ['ñäntsi', 'stem'], 'v'], [['rι', 'det'], 'det'], [['eskwéla', 'stem'], 'obl']]",True,1.0
léhchéró xo díhánt'íhé xo bibot'í ko rι tsiñúndá,"[[['léhchéró', 'stem'], 'obl'], [['xo', 'stem'], 'cnj'], [['dí', '1.icp'], [""hánt'í"", 'stem'], ['hé', 'pl.exc'], 'v'], [['xo', 'stem'], 'cnj'], [['bi', '3.cpl'], [""bot'í"", 'stem'], 'v'], [['ko', 'stem'], 'obl'], [['rι', 'det'], 'det'], [['tsi', 'dim'], ['ñúndá', 'stem'], 'unkwn']]","[[['léhchéró', 'stem'], 'obl'], [['xo', 'stem'], 'cnj'], [['dí', '1.icp'], [""hánt'í"", 'stem'], ['hé', 'pl.exc'], 'v'], [['xo', 'stem'], 'cnj'], [['bi', '3.cpl'], [""bot'í"", 'stem'], 'v'], [['ko', 'stem'], 'obl'], [['rι', 'det'], 'det'], [['tsi', 'dim'], ['ñúndá', 'stem'], 'unkwn']]",True,1.0
ya xo xayi mäkóséchá gok'μhkíhéyι'wi,"[[['ya', 'stem'], 'cnj'], [['xo', 'stem'], 'cnj'], [['xayi', 'stem'], 'obl'], [['mä', '1.pss'], ['kóséchá', 'stem'], 'n'], [['go', '1.pot'], [""k'μhkí"", 'stem'], ['hé', 'pl.exc'], [""yι'"", 'lim'], ['wi', 'prag'], 'v']]","[[['ya', 'stem'], 'cnj'], [['xo', 'stem'], 'cnj'], [['xayi', 'stem'], 'obl'], [['mä', '1.pss'], ['kóséchá', 'stem'], 'n'], [['go', '1.pot'], [""k'μhkí"", 'stem'], ['hé', 'pl.exc'], [""yι'"", 'lim'], ['wi', 'prag'], 'v']]",True,1.0
xo dítμmihé algo rι kóséchá ngú más khéyιwi,"[[['xo', 'stem'], 'cnj'], [['dí', '1.icp'], ['tμmi', 'stem'], ['hé', 'pl.exc'], 'v'], [['algo', 'stem'], 'obl'], [['rι', 'det'], 'det'], [['kóséchá', 'stem'], 'obl'], [['ngú', 'stem'], 'obl'], [['más', 'stem'], 'obl'], [['khéyι', 'stem'], ['wi', 'prag'], 'unkwn']]","[[['xo', 'stem'], 'cnj'], [['dí', '1.icp'], ['tμmi', 'stem'], ['hé', 'pl.exc'], 'v'], [['algo', 'stem'], 'obl'], [['rι', 'det'], 'det'], [['kóséchá', 'stem'], 'obl'], [['ngú', 'stem'], 'obl'], [['más', 'stem'], 'obl'], [['khéyι', 'stem'], ['wi', 'prag'], 'unkwn']]",True,1.0
despwés este ngu ganú mbrιhúyι' bigí,"[[['despwés', 'stem'], 'obl'], [['este', 'stem'], 'obl'], [['ngu', 'stem'], 'cnj'], [['ga', '3.pls'], ['nú', 'stem'], 'v'], [['m', 'psd'], ['b', 'lig'], ['rι', '3.cnt'], ['hú', 'stem'], [""yι'"", 'lim'], 'v'], [['bi', '3.cpl'], ['gí', '1.obj'], 'v']]","[[['despwés', 'stem'], 'obl'], [['este', 'stem'], 'obl'], [['ngu', 'stem'], 'cnj'], [['ga', '3.pls'], ['nú', 'stem'], 'v'], [['m', 'psd'], ['b', 'lig'], ['rι', '3.cnt'], ['hú', 'stem'], [""yι'"", 'lim'], 'v'], [['bi', '3.cpl'], ['gí', '1.obj'], 'v']]",True,1.0
despwés xo bindondoyι'wi bindondowi,"[[['despwés', 'stem'], 'obl'], [['xo', 'stem'], 'cnj'], [['bi', '3.cpl'], ['ndondo', 'stem'], [""yι'"", 'lim'], ['wi', 'prag'], 'v'], [['bi', '3.cpl'], ['ndondo', 'stem'], ['wi', 'prag'], 'v']]","[[['despwés', 'stem'], 'obl'], [['xo', 'stem'], 'cnj'], [['bi', '3.cpl'], ['ndondo', 'stem'], [""yι'"", 'lim'], ['wi', 'prag'], 'v'], [['bi', '3.cpl'], ['ndondo', 'stem'], ['wi', 'prag'], 'v']]",True,1.0
despwés ya este binkhá komo las siete,"[[['despwés', 'stem'], 'obl'], [['ya', 'stem'], 'cnj'], [['este', 'stem'], 'obl'], [['bi', '3.cpl'], ['nkhá', 'stem'], 'v'], [['komo', 'stem'], 'obl'], [['las', 'stem'], 'obl'], [['siete', 'stem'], 'obl']]","[[['despwés', 'stem'], 'obl'], [['ya', 'stem'], 'cnj'], [['este', 'stem'], 'obl'], [['bi', '3.cpl'], ['nkhá', 'stem'], 'v'], [['komo', 'stem'], 'obl'], [['las', 'stem'], 'obl'], [['siete', 'stem'], 'obl']]",True,1.0
mbrιk'ángi xi mbrιbot'i k'ι rι 'wé',"[[['m', 'psd'], ['b', 'lig'], ['rι', '3.cnt'], [""k'ángi"", 'stem'], 'v'], [['xi', 'stem'], 'cnj'], [['m', 'psd'], ['b', 'lig'], ['rι', '3.cnt'], [""bot'i"", 'stem'], 'v'], [[""k'ι"", 'stem'], 'dem'], [['rι', 'det'], 'det'], [[""'wé'"", 'stem'], 'obl']]","[[['m', 'psd'], ['b', 'lig'], ['rι', '3.cnt'], [""k'ángi"", 'stem'], 'v'], [['xi', 'stem'], 'cnj'], [['m', 'psd'], ['b', 'lig'], ['rι', '3.cnt'], [""bot'i"", 'stem'], 'v'], [[""k'ι"", 'stem'], 'dem'], [['rι', 'det'], 'det'], [[""'wé'"", 'stem'], 'obl']]",True,1.0
este tó'íhiyι'wi tóñó madé parsela,"[[['este', 'stem'], 'obl'], [['tó', '1.prf'], [""'íhi"", 'stem'], [""yι'"", 'lim'], ['wi', 'prag'], 'v'], [['tó', '1.prf'], ['ñó', 'stem'], 'v'], [['madé', 'stem'], 'obl'], [['parsela', 'stem'], 'obl']]","[[['este', 'stem'], 'obl'], [['tó', '1.prf'], [""'íhi"", 'stem'], [""yι'"", 'lim'], ['wi', 'prag'], 'v'], [['tó', '1.prf'], ['ñó', 'stem'], 'v'], [['madé', 'stem'], 'obl'], [['parsela', 'stem'], 'obl']]",True,1.0
nι rι ntsoyι este nι rι takwálá ni ngi tso k'ι charo,"[[['nι', 'stem'], 'dem'], [['rι', 'det'], 'det'], [['ntsoyι', 'stem'], 'obl'], [['este', 'stem'], 'obl'], [['nι', 'stem'], 'dem'], [['rι', 'det'], 'det'], [['takwálá', 'stem'], 'pascuala'], [['ni', 'stem'], 'obl'], [['ngi', 'stem'], 'obl'], [['tso', 'stem'], 'v'], [[""k'ι"", 'stem'], 'dem'], [['charo', 'stem'], 'obl']]","[[['nι', 'stem'], 'dem'], [['rι', 'det'], 'det'], [['ntsoyι', 'stem'], 'obl'], [['este', 'stem'], 'obl'], [['nι', 'stem'], 'dem'], [['rι', 'det'], 'det'], [['takwálá', 'stem'], 'pascuala'], [['ni', 'stem'], 'obl'], [['ngi', 'stem'], 'obl'], [['tso', 'stem'], 'v'], [[""k'ι"", 'stem'], 'dem'], [['charo', 'stem'], 'obl']]",True,1.0
xo má máhyι'wi bimáhmμ bimáhióníhμ má rι ngú,"[[['xo', 'stem'], 'cnj'], [['má', 'stem'], 'v'], [['má', 'stem'], ['h', 'lig'], [""yι'"", 'lim'], ['wi', 'prag'], 'v'], [['bi', '3.cpl'], ['má', 'stem'], ['h', 'lig'], ['mμ', 'pl'], 'v'], [['bi', '3.cpl'], ['má', 'ctrf'], ['hióní', 'stem'], ['hμ', 'pl'], 'v'], [['má', 'stem'], 'v'], [['rι', 'det'], 'det'], [['ngú', 'stem'], 'obl']]","[[['xo', 'stem'], 'cnj'], [['má', 'stem'], 'v'], [['má', 'stem'], ['h', 'lig'], [""yι'"", 'lim'], ['wi', 'prag'], 'v'], [['bi', '3.cpl'], ['má', 'stem'], ['h', 'lig'], ['mμ', 'pl'], 'v'], [['bi', '3.cpl'], ['má', 'ctrf'], ['hióní', 'stem'], ['hμ', 'pl'], 'v'], [['má', 'stem'], 'v'], [['rι', 'det'], 'det'], [['ngú', 'stem'], 'obl']]",True,1.0
pibimihtihμyι'wi xo bimμphík'úyι'wi,"[[['pi', 'it'], ['bi', '3.cpl'], ['mihti', 'stem'], ['hμ', 'pl'], [""yι'"", 'lim'], ['wi', 'prag'], 'v'], [['xo', 'stem'], 'cnj'], [['bi', '3.cpl'], ['mμphí', 'stem'], [""k'ú"", 'loc'], [""yι'"", 'lim'], ['wi', 'prag'], 'v']]","[[['pi', 'it'], ['bi', '3.cpl'], ['mihti', 'stem'], ['hμ', 'pl'], [""yι'"", 'lim'], ['wi', 'prag'], 'v'], [['xo', 'stem'], 'cnj'], [['bi', '3.cpl'], ['mμphí', 'stem'], [""k'ú"", 'loc'], [""yι'"", 'lim'], ['wi', 'prag'], 'v']]",True,1.0
pe xo pibisígé bizít'ethó pibisígé bizít'ethó,"[[['pe', 'stem'], 'obl'], [['xo', 'stem'], 'cnj'], [['pi', 'it'], ['bi', '3.cpl'], ['sígé', 'stem'], 'v'], [['bi', '3.cpl'], [""zít'e"", 'stem'], ['thó', 'ila'], 'v'], [['pi', 'it'], ['bi', '3.cpl'], ['sígé', 'stem'], 'v'], [['bi', '3.cpl'], [""zít'e"", 'stem'], ['thó', 'ila'], 'v']]","[[['pe', 'stem'], 'obl'], [['xo', 'stem'], 'cnj'], [['pi', 'it'], ['bi', '3.cpl'], ['sígé', 'stem'], 'v'], [['bi', '3.cpl'], [""zít'e"", 'stem'], ['thó', 'ila'], 'v'], [['pi', 'it'], ['bi', '3.cpl'], ['sígé', 'stem'], 'v'], [['bi', '3.cpl'], [""zít'e"", 'stem'], ['thó', 'ila'], 'v']]",True,1.0
este bμ gotahkí mächúní gohμtsé gohμxí kinse kwartíyo,"[[['este', 'stem'], 'obl'], [['bμ', 'stem'], 'cnj'], [['go', '1.pot'], ['tahkí', 'stem'], 'v'], [['mä', '1.pss'], ['chúní', 'stem'], 'n'], [['go', '1.pot'], ['hμtsé', 'stem'], 'v'], [['go', '1.pot'], ['hμxí', 'stem'], 'v'], [['kinse', 'stem'], 'obl'], [['kwartíyo', 'stem'], 'obl']]","[[['este', 'stem'], 'obl'], [['bμ', 'stem'], 'cnj'], [['go', '1.pot'], ['tahkí', 'stem'], 'v'], [['mä', '1.pss'], ['chúní', 'stem'], 'n'], [['go', '1.pot'], ['hμtsé', 'stem'], 'v'], [['go', '1.pot'], ['hμxí', 'stem'], 'v'], [['kinse', 'stem'], 'obl'], [['kwartíyo', 'stem'], 'obl']]",True,1.0
komo dírιché este gogwádi gotahkíι' gomápμhkí gehña go'éní,"[[['komo', 'stem'], 'obl'], [['dí', '1.icp'], ['rι', 'det'], ['ché', 'stem'], 'v'], [['este', 'stem'], 'obl'], [['go', '1.pot'], ['gwádi', 'stem'], 'v'], [['go', '1.pot'], ['tahkí', 'stem'], [""ι'"", 'lim'], 'v'], [['go', '1.pot'], ['má', 'ctrf'], ['pμhkí', 'stem'], 'v'], [['gehña', 'stem'], 'cnj'], [['go', '1.pot'], [""'éní"", 'stem'], 'v']]","[[['komo', 'stem'], 'obl'], [['dí', '1.icp'], ['rι', 'det'], ['ché', 'stem'], 'v'], [['este', 'stem'], 'obl'], [['go', '1.pot'], ['gwádi', 'stem'], 'v'], [['go', '1.pot'], ['tahkí', 'stem'], [""ι'"", 'lim'], 'v'], [['go', '1.pot'], ['má', 'ctrf'], ['pμhkí', 'stem'], 'v'], [['gehña', 'stem'], 'cnj'], [['go', '1.pot'], [""'éní"", 'stem'], 'v']]",True,1.0
k'ι rι ñú kilo ya xo dahiot'í dose yι khäní,"[[[""k'ι"", 'stem'], 'dem'], [['rι', 'det'], 'det'], [['ñú', 'stem'], 'obl'], [['kilo', 'stem'], 'obl'], [['ya', 'stem'], 'cnj'], [['xo', 'stem'], 'cnj'], [['da', '3.pot'], [""hiot'í"", 'stem'], 'v'], [['dose', 'stem'], 'obl'], [['yι', 'det.pl'], 'det'], [['khäní', 'stem'], 'obl']]","[[[""k'ι"", 'stem'], 'dem'], [['rι', 'det'], 'det'], [['ñú', 'stem'], 'obl'], [['kilo', 'stem'], 'obl'], [['ya', 'stem'], 'cnj'], [['xo', 'stem'], 'cnj'], [['da', '3.pot'], [""hiot'í"", 'stem'], 'v'], [['dose', 'stem'], 'obl'], [['yι', 'det.pl'], 'det'], [['khäní', 'stem'], 'obl']]",True,1.0
despwés gahiánt'í k'ι rι búro bo'íhiι' xo bibiñμtik'ú k'ι rι mμi k'ι rι búroyι'wi,"[[['despwés', 'stem'], 'obl'], [['ga', '3.pls'], [""hiánt'í"", 'stem'], 'v'], [[""k'ι"", 'stem'], 'dem'], [['rι', 'det'], 'det'], [['búro', 'stem'], 'obl'], [['bo', '3.cpl'], [""'íhi"", 'stem'], [""ι'"", 'lim'], 'v'], [['xo', 'stem'], 'cnj'], [['bi', '3.cpl'], ['bi', '3.cpl'], ['ñμti', 'stem'], [""k'ú"", 'loc'], 'v'], [[""k'ι"", 'stem'], 'dem'], [['rι', 'det'], 'det'], [['mμi', 'stem'], 'obl'], [[""k'ι"", 'stem'], 'dem'], [['rι', 'det'], 'det'], [['búro', 'stem'], [""yι'"", 'lim'], ['wi', 'prag'], 'unkwn']]","[[['despwés', 'stem'], 'obl'], [['ga', '3.pls'], [""hiánt'í"", 'stem'], 'v'], [[""k'ι"", 'stem'], 'dem'], [['rι', 'det'], 'det'], [['búro', 'stem'], 'obl'], [['bo', '3.cpl'], [""'íhi"", 'stem'], [""ι'"", 'lim'], 'v'], [['xo', 'stem'], 'cnj'], [['bi', '3.cpl'], ['bi', '3.cpl'], ['ñμti', 'stem'], [""k'ú"", 'loc'], 'v'], [[""k'ι"", 'stem'], 'dem'], [['rι', 'det'], 'det'], [['mμi', 'stem'], 'obl'], [[""k'ι"", 'stem'], 'dem'], [['rι', 'det'], 'det'], [['búro', 'stem'], [""yι'"", 'lim'], ['wi', 'prag'], 'unkwn']]",True,1.0
gehña xo k'ι rι ntsoyι ya xo 'á daphähyι'wi,"[[['gehña', 'stem'], 'cnj'], [['xo', 'stem'], 'cnj'], [[""k'ι"", 'stem'], 'dem'], [['rι', 'det'], 'det'], [['ntsoyι', 'stem'], 'obl'], [['ya', 'stem'], 'cnj'], [['xo', 'stem'], 'cnj'], [[""'á"", 'stem'], 'obl'], [['da', '3.pot'], ['phä', 'stem'], ['h', 'lig'], [""yι'"", 'lim'], ['wi', 'prag'], 'v']]","[[['gehña', 'stem'], 'cnj'], [['xo', 'stem'], 'cnj'], [[""k'ι"", 'stem'], 'dem'], [['rι', 'det'], 'det'], [['ntsoyι', 'stem'], 'obl'], [['ya', 'stem'], 'cnj'], [['xo', 'stem'], 'cnj'], [[""'á"", 'stem'], 'obl'], [['da', '3.pot'], ['phä', 'stem'], ['h', 'lig'], [""yι'"", 'lim'], ['wi', 'prag'], 'v']]",True,1.0
despwés este ay 'ó gotsμihyι'wi karnál,"[[['despwés', 'stem'], 'obl'], [['este', 'stem'], 'obl'], [['ay', 'stem'], 'cnj'], [[""'ó"", 'stem'], 'obl'], [['go', '1.pot'], ['tsμi', 'stem'], ['h', 'lig'], [""yι'"", 'lim'], ['wi', 'prag'], 'v'], [['karnál', 'stem'], 'obl']]","[[['despwés', 'stem'], 'obl'], [['este', 'stem'], 'obl'], [['ay', 'stem'], 'cnj'], [[""'ó"", 'stem'], 'obl'], [['go', '1.pot'], ['tsμi', 'stem'], ['h', 'lig'], [""yι'"", 'lim'], ['wi', 'prag'], 'v'], [['karnál', 'stem'], 'obl']]",True,1.0
no pahpá yo te quiero es irme contigo binimbíyι'wi,"[[['no', 'stem'], 'obl'], [['pahpá', 'stem'], 'obl'], [['yo', 'stem'], 'cnj'], [['te', 'stem'], 'obl'], [['quiero', 'stem'], 'v'], [['es', 'stem'], 'obl'], [['irme', 'stem'], 'obl'], [['contigo', 'stem'], 'obl'], [['bi', '3.cpl'], ['nimbí', 'stem'], [""yι'"", 'lim'], ['wi', 'prag'], 'v']]","[[['no', 'stem'], 'obl'], [['pahpá', 'stem'], 'obl'], [['yo', 'stem'], 'cnj'], [['te', 'stem'], 'obl'], [['quiero', 'stem'], 'v'], [['es', 'stem'], 'obl'], [['irme', 'stem'], 'obl'], [['contigo', 'stem'], 'obl'], [['bi', '3.cpl'], ['nimbí', 'stem'], [""yι'"", 'lim'], ['wi', 'prag'], 'v']]",True,1.0
asta ndímátsí yι ndμxo ñáthó hín dímátsó,"[[['asta', 'stem'], 'cnj'], [['n', 'psd'], ['dí', '1.icp'], ['má', 'ctrf'], ['tsí', 'stem'], 'v'], [['yι', 'det.pl'], 'det'], [['ndμxo', 'stem'], 'obl'], [['ñá', 'stem'], ['thó', 'ila'], 'unkwn'], [['hín', 'stem'], 'neg'], [['dí', '1.icp'], ['má', 'ctrf'], ['tsó', 'stem'], 'v']]","[[['asta', 'stem'], 'cnj'], [['n', 'psd'], ['dí', '1.icp'], ['má', 'ctrf'], ['tsí', 'stem'], 'v'], [['yι', 'det.pl'], 'det'], [['ndμxo', 'stem'], 'obl'], [['ñá', 'stem'], ['thó', 'ila'], 'unkwn'], [['hín', 'stem'], 'neg'], [['dí', '1.icp'], ['má', 'ctrf'], ['tsó', 'stem'], 'v']]",True,1.0
gophμkeyι'wi pe miñáthó k'ι rι dethá,"[[['go', '1.pot'], ['phμke', 'stem'], [""yι'"", 'lim'], ['wi', 'prag'], 'v'], [['pe', 'stem'], 'obl'], [['m', 'psd'], ['i', '3.icp'], ['ñá', 'stem'], ['thó', 'ila'], 'v'], [[""k'ι"", 'stem'], 'dem'], [['rι', 'det'], 'det'], [['dethá', 'stem'], 'obl']]","[[['go', '1.pot'], ['phμke', 'stem'], [""yι'"", 'lim'], ['wi', 'prag'], 'v'], [['pe', 'stem'], 'obl'], [['m', 'psd'], ['i', '3.icp'], ['ñá', 'stem'], ['thó', 'ila'], 'v'], [[""k'ι"", 'stem'], 'dem'], [['rι', 'det'], 'det'], [['dethá', 'stem'], 'obl']]",True,1.0
nι rι tá nι rι nμhμ kon k'ι rι tá k'ι rι béhñι aregláthóhí,"[[['nι', 'stem'], 'dem'], [['rι', 'det'], 'det'], [['tá', 'stem'], 'obl'], [['nι', 'stem'], 'dem'], [['rι', 'det'], 'det'], [['nμhμ', 'stem'], 'obl'], [['kon', 'stem'], 'obl'], [[""k'ι"", 'stem'], 'dem'], [['rι', 'det'], 'det'], [['tá', 'stem'], 'obl'], [[""k'ι"", 'stem'], 'dem'], [['rι', 'det'], 'det'], [['béhñι', 'stem'], 'obl'], [['areglá', 'stem'], ['thó', 'ila'], ['hí', 'pl'], 'v']]","[[['nι', 'stem'], 'dem'], [['rι', 'det'], 'det'], [['tá', 'stem'], 'obl'], [['nι', 'stem'], 'dem'], [['rι', 'det'], 'det'], [['nμhμ', 'stem'], 'obl'], [['kon', 'stem'], 'obl'], [[""k'ι"", 'stem'], 'dem'], [['rι', 'det'], 'det'], [['tá', 'stem'], 'obl'], [[""k'ι"", 'stem'], 'dem'], [['rι', 'det'], 'det'], [['béhñι', 'stem'], 'obl'], [['areglá', 'stem'], ['thó', 'ila'], ['hí', 'pl'], 'v']]",True,1.0
pe bμ hínι xo hin danéyι' xo dantúthóhóhíyι'wi,"[[['pe', 'stem'], 'obl'], [['bμ', 'stem'], 'cnj'], [['hínι', 'stem'], 'neg'], [['xo', 'stem'], 'cnj'], [['hin', 'stem'], 'neg'], [['da', '3.pot'], ['né', 'stem'], [""yι'"", 'lim'], 'v'], [['xo', 'stem'], 'cnj'], [['da', '3.pot'], ['ntú', 'stem'], ['thó', 'ila'], ['hó', 'int'], ['hí', 'pl'], [""yι'"", 'lim'], ['wi', 'prag'], 'v']]","[[['pe', 'stem'], 'obl'], [['bμ', 'stem'], 'cnj'], [['hínι', 'stem'], 'neg'], [['xo', 'stem'], 'cnj'], [['hin', 'stem'], 'neg'], [['da', '3.pot'], ['né', 'stem'], [""yι'"", 'lim'], 'v'], [['xo', 'stem'], 'cnj'], [['da', '3.pot'], ['ntú', 'stem'], ['thó', 'ila'], ['hó', 'int'], ['hí', 'pl'], [""yι'"", 'lim'], ['wi', 'prag'], 'v']]",True,1.0
pewi xo dané dadeñι k'ι rι nμhμ xo damáwi,"[[['pe', 'stem'], ['wi', 'prag'], 'unkwn'], [['xo', 'stem'], 'cnj'], [['da', '3.pot'], ['né', 'stem'], 'v'], [['da', '3.pot'], ['deñι', 'stem'], 'v'], [[""k'ι"", 'stem'], 'dem'], [['rι', 'det'], 'det'], [['nμhμ', 'stem'], 'obl'], [['xo', 'stem'], 'cnj'], [['da', '3.pot'], ['má', 'stem'], ['wi', 'prag'], 'v']]","[[['pe', 'stem'], ['wi', 'prag'], 'unkwn'], [['xo', 'stem'], 'cnj'], [['da', '3.pot'], ['né', 'stem'], 'v'], [['da', '3.pot'], ['deñι', 'stem'], 'v'], [[""k'ι"", 'stem'], 'dem'], [['rι', 'det'], 'det'], [['nμhμ', 'stem'], 'obl'], [['xo', 'stem'], 'cnj'], [['da', '3.pot'], ['má', 'stem'], ['wi', 'prag'], 'v']]",True,1.0
este nuyι k'ι yι tsμhníyι' xo bintúthóyι'wik'ι,"[[['este', 'stem'], 'obl'], [['nuyι', 'stem'], 'obl'], [[""k'ι"", 'stem'], 'dem'], [['yι', 'det.pl'], 'det'], [['tsμhní', 'stem'], [""yι'"", 'lim'], 'unkwn'], [['xo', 'stem'], 'cnj'], [['bi', '3.cpl'], ['ntú', 'stem'], ['thó', 'ila'], [""yι'"", 'lim'], ['wi', 'prag'], [""k'ι"", 'dem'], 'v']]","[[['este', 'stem'], 'obl'], [['nuyι', 'stem'], 'obl'], [[""k'ι"", 'stem'], 'dem'], [['yι', 'det.pl'], 'det'], [['tsμhní', 'stem'], [""yι'"", 'lim'], 'unkwn'], [['xo', 'stem'], 'cnj'], [['bi', '3.cpl'], ['ntú', 'stem'], ['thó', 'ila'], [""yι'"", 'lim'], ['wi', 'prag'], [""k'ι"", 'dem'], 'v']]",True,1.0
gehña xo dichixiι' k'ι rι nμhμ kon k'ι rι béhñιwi,"[[['gehña', 'stem'], 'cnj'], [['xo', 'stem'], 'cnj'], [['di', '3.icp.irr'], ['chixi', 'stem'], [""ι'"", 'lim'], 'v'], [[""k'ι"", 'stem'], 'dem'], [['rι', 'det'], 'det'], [['nμhμ', 'stem'], 'obl'], [['kon', 'stem'], 'obl'], [[""k'ι"", 'stem'], 'dem'], [['rι', 'det'], 'det'], [['béhñι', 'stem'], ['wi', 'prag'], 'unkwn']]","[[['gehña', 'stem'], 'cnj'], [['xo', 'stem'], 'cnj'], [['di', '3.icp.irr'], ['chixi', 'stem'], [""ι'"", 'lim'], 'v'], [[""k'ι"", 'stem'], 'dem'], [['rι', 'det'], 'det'], [['nμhμ', 'stem'], 'obl'], [['kon', 'stem'], 'obl'], [[""k'ι"", 'stem'], 'dem'], [['rι', 'det'], 'det'], [['béhñι', 'stem'], ['wi', 'prag'], 'unkwn']]",True,1.0
pe komo ndrιmádáhní gopí ná hwadá rι dethá,"[[['pe', 'stem'], 'obl'], [['komo', 'stem'], 'obl'], [['n', 'psd'], ['drι', '1.cnt'], ['má', 'ctrf'], ['dáhní', 'stem'], 'v'], [['go', '1.pot'], ['pí', 'stem'], 'v'], [['ná', 'stem'], 'obl'], [['hwadá', 'stem'], 'obl'], [['rι', 'det'], 'det'], [['dethá', 'stem'], 'obl']]","[[['pe', 'stem'], 'obl'], [['komo', 'stem'], 'obl'], [['n', 'psd'], ['drι', '1.cnt'], ['má', 'ctrf'], ['dáhní', 'stem'], 'v'], [['go', '1.pot'], ['pí', 'stem'], 'v'], [['ná', 'stem'], 'obl'], [['hwadá', 'stem'], 'obl'], [['rι', 'det'], 'det'], [['dethá', 'stem'], 'obl']]",True,1.0
nu mä'idá hi miniña xo da'μngíyι'wi,"[[['nu', 'stem'], 'prt'], [['mä', '1.pss'], [""'idá"", 'stem'], 'n'], [['hi', 'stem'], 'neg'], [['m', 'psd'], ['i', '3.icp'], ['niña', 'stem'], 'v'], [['xo', 'stem'], 'cnj'], [['da', '3.pot'], [""'μn"", 'stem'], ['gí', '1.obj'], [""yι'"", 'lim'], ['wi', 'prag'], 'v']]","[[['nu', 'stem'], 'prt'], [['mä', '1.pss'], [""'idá"", 'stem'], 'n'], [['hi', 'stem'], 'neg'], [['m', 'psd'], ['i', '3.icp'], ['niña', 'stem'], 'v'], [['xo', 'stem'], 'cnj'], [['da', '3.pot'], [""'μn"", 'stem'], ['gí', '1.obj'], [""yι'"", 'lim'], ['wi', 'prag'], 'v']]",True,1.0
ko ná rι tsipeso zεditúthó mbrιngμt'í,"[[['ko', 'stem'], 'obl'], [['ná', 'stem'], 'obl'], [['rι', 'det'], 'det'], [['tsi', 'dim'], ['peso', 'stem'], 'unkwn'], [['zεditú', 'stem'], ['thó', 'ila'], 'unkwn'], [['m', 'psd'], ['b', 'lig'], ['rι', '3.cnt'], [""ngμt'í"", 'stem'], 'v']]","[[['ko', 'stem'], 'obl'], [['ná', 'stem'], 'obl'], [['rι', 'det'], 'det'], [['tsi', 'dim'], ['peso', 'stem'], 'unkwn'], [['zεditú', 'stem'], ['thó', 'ila'], 'unkwn'], [['m', 'psd'], ['b', 'lig'], ['rι', '3.cnt'], [""ngμt'í"", 'stem'], 'v']]",True,1.0
asta drιmáthó komo siemprethó drιmáthó,"[[['asta', 'stem'], 'cnj'], [['drι', '1.cnt'], ['má', 'stem'], ['thó', 'ila'], 'v'], [['komo', 'stem'], 'obl'], [['siempre', 'stem'], ['thó', 'ila'], 'unkwn'], [['drι', '1.cnt'], ['má', 'stem'], ['thó', 'ila'], 'v']]","[[['asta', 'stem'], 'cnj'], [['drι', '1.cnt'], ['má', 'stem'], ['thó', 'ila'], 'v'], [['komo', 'stem'], 'obl'], [['siempre', 'stem'], ['thó', 'ila'], 'unkwn'], [['drι', '1.cnt'], ['má', 'stem'], ['thó', 'ila'], 'v']]",True,1.0
desde ndrιléngu dósuphré asta drιmáthóhó,"[[['desde', 'stem'], 'cnj'], [['n', 'psd'], ['drι', '1.cnt'], ['léngu', 'stem'], 'v'], [['dó', '1.cpl'], ['suphré', 'stem'], 'v'], [['asta', 'stem'], 'cnj'], [['drι', '1.cnt'], ['má', 'stem'], ['thó', 'ila'], ['hó', 'int'], 'v']]","[[['desde', 'stem'], 'cnj'], [['n', 'psd'], ['drι', '1.cnt'], ['léngu', 'stem'], 'v'], [['dó', '1.cpl'], ['suphré', 'stem'], 'v'], [['asta', 'stem'], 'cnj'], [['drι', '1.cnt'], ['má', 'stem'], ['thó', 'ila'], ['hó', 'int'], 'v']]",True,1.0
ná rι khμní yι ga dosientos sinkwenta nts'εhki,"[[['ná', 'stem'], 'obl'], [['rι', 'det'], 'det'], [['khμní', 'stem'], 'obl'], [['yι', 'det.pl'], 'det'], [['ga', '3.pls'], 'v'], [['dosientos', 'stem'], 'obl'], [['sinkwenta', 'stem'], 'obl'], [[""nts'εhki"", 'stem'], 'obl']]","[[['ná', 'stem'], 'obl'], [['rι', 'det'], 'det'], [['khμní', 'stem'], 'obl'], [['yι', 'det.pl'], 'det'], [['ga', '3.pls'], 'v'], [['dosientos', 'stem'], 'obl'], [['sinkwenta', 'stem'], 'obl'], [[""nts'εhki"", 'stem'], 'obl']]",True,1.0
tó'μté ná rι siyón 'á fuente ngé rι báusterio fuente ngé rι atrio,"[[['tó', '1.prf'], [""'μté"", 'stem'], 'v'], [['ná', 'stem'], 'obl'], [['rι', 'det'], 'det'], [['siyón', 'stem'], 'obl'], [[""'á"", 'stem'], 'p.loc'], [['fuente', 'stem'], 'obl'], [['ngé', 'stem'], 'obl'], [['rι', 'det'], 'det'], [['báusterio', 'stem'], 'bautisterio'], [['fuente', 'stem'], 'obl'], [['ngé', 'stem'], 'obl'], [['rι', 'det'], 'det'], [['atrio', 'stem'], 'obl']]","[[['tó', '1.prf'], [""'μté"", 'stem'], 'v'], [['ná', 'stem'], 'obl'], [['rι', 'det'], 'det'], [['siyón', 'stem'], 'obl'], [[""'á"", 'stem'], 'p.loc'], [['fuente', 'stem'], 'obl'], [['ngé', 'stem'], 'obl'], [['rι', 'det'], 'det'], [['báusterio', 'stem'], 'bautisterio'], [['fuente', 'stem'], 'obl'], [['ngé', 'stem'], 'obl'], [['rι', 'det'], 'det'], [['atrio', 'stem'], 'obl']]",True,1.0
este gogwádihé gothót'ihé chichi regular,"[[['este', 'stem'], 'obl'], [['go', '1.pot'], ['gwádi', 'stem'], ['hé', 'pl.exc'], 'v'], [['go', '1.pot'], [""thót'i"", 'stem'], ['hé', 'pl.exc'], 'v'], [['chi', 'dim'], ['chi', 'dim'], 'unkwn'], [['regular', 'stem'], 'adj']]","[[['este', 'stem'], 'obl'], [['go', '1.pot'], ['gwádi', 'stem'], ['hé', 'pl.exc'], 'v'], [['go', '1.pot'], [""thót'i"", 'stem'], ['hé', 'pl.exc'], 'v'], [['chi', 'dim'], ['chi', 'dim'], 'unkwn'], [['regular', 'stem'], 'adj']]",True,1.0
o sea ke bμ dabadi damanehá ná rι bohkí ko rι mártíyó xo dasiertá,"[[['o', 'stem'], 'conj.adv'], [['sea', 'stem'], 'obl'], [['ke', 'stem'], 'obl'], [['bμ', 'stem'], 'cnj'], [['da', '3.pot'], ['badi', 'stem'], 'v'], [['da', '3.pot'], ['manehá', 'stem'], 'v'], [['ná', 'stem'], 'obl'], [['rι', 'det'], 'det'], [['bohkí', 'stem'], 'obl'], [['ko', 'stem'], 'obl'], [['rι', 'det'], 'det'], [['mártíyó', 'stem'], 'obl'], [['xo', 'stem'], 'cnj'], [['da', '3.pot'], ['siertá', 'stem'], 'v']]","[[['o', 'stem'], 'conj.adv'], [['sea', 'stem'], 'obl'], [['ke', 'stem'], 'obl'], [['bμ', 'stem'], 'cnj'], [['da', '3.pot'], ['badi', 'stem'], 'v'], [['da', '3.pot'], ['manehá', 'stem'], 'v'], [['ná', 'stem'], 'obl'], [['rι', 'det'], 'det'], [['bohkí', 'stem'], 'obl'], [['ko', 'stem'], 'obl'], [['rι', 'det'], 'det'], [['mártíyó', 'stem'], 'obl'], [['xo', 'stem'], 'cnj'], [['da', '3.pot'], ['siertá', 'stem'], 'v']]",True,1.0
xo primero ná rι máda damμdi dadót'i o sea daparehá,"[[['xo', 'stem'], 'cnj'], [['primero', 'stem'], 'obl'], [['ná', 'stem'], 'obl'], [['rι', 'det'], 'det'], [['máda', 'stem'], 'obl'], [['da', '3.pot'], ['mμdi', 'stem'], 'v'], [['da', '3.pot'], [""dót'i"", 'stem'], 'v'], [['o', 'stem'], 'conj.adv'], [['sea', 'stem'], 'obl'], [['da', '3.pot'], ['parehá', 'stem'], 'v']]","[[['xo', 'stem'], 'cnj'], [['primero', 'stem'], 'obl'], [['ná', 'stem'], 'obl'], [['rι', 'det'], 'det'], [['máda', 'stem'], 'obl'], [['da', '3.pot'], ['mμdi', 'stem'], 'v'], [['da', '3.pot'], [""dót'i"", 'stem'], 'v'], [['o', 'stem'], 'conj.adv'], [['sea', 'stem'], 'obl'], [['da', '3.pot'], ['parehá', 'stem'], 'v']]",True,1.0
tonse daxímiyι'wi ko rι ponsón igwal,"[[['tonse', 'stem'], 'obl'], [['da', '3.pot'], ['xími', 'stem'], [""yι'"", 'lim'], ['wi', 'prag'], 'v'], [['ko', 'stem'], 'obl'], [['rι', 'det'], 'det'], [['ponsón', 'stem'], 'obl'], [['igwal', 'stem'], 'obl']]","[[['tonse', 'stem'], 'obl'], [['da', '3.pot'], ['xími', 'stem'], [""yι'"", 'lim'], ['wi', 'prag'], 'v'], [['ko', 'stem'], 'obl'], [['rι', 'det'], 'det'], [['ponsón', 'stem'], 'obl'], [['igwal', 'stem'], 'obl']]",True,1.0
entonses gehña genk'ι díxμhé mähank'ιyι'wik'ι,"[[['entonses', 'stem'], 'obl'], [['gehña', 'stem'], 'cnj'], [['gen', 'dem'], [""k'ι"", 'dem'], 'unkwn'], [['dí', '1.icp'], ['xμ', 'stem'], ['hé', 'pl.exc'], 'v'], [[""mähank'ι"", 'stem'], [""yι'"", 'lim'], ['wi', 'prag'], [""k'ι"", 'dem'], 'unkwn']]","[[['entonses', 'stem'], 'obl'], [['gehña', 'stem'], 'cnj'], [['gen', 'dem'], [""k'ι"", 'dem'], 'unkwn'], [['dí', '1.icp'], ['xμ', 'stem'], ['hé', 'pl.exc'], 'v'], [[""mähank'ι"", 'stem'], [""yι'"", 'lim'], ['wi', 'prag'], [""k'ι"", 'dem'], 'unkwn']]",True,1.0
pe komo ngú yι tsibähtsí ya k'ι siertá yι 'yε,"[[['pe', 'stem'], 'obl'], [['komo', 'stem'], 'obl'], [['ngú', 'stem'], 'obl'], [['yι', 'det.pl'], 'det'], [['tsi', 'dim'], ['bähtsí', 'stem'], 'unkwn'], [['ya', 'stem'], 'cnj'], [[""k'ι"", 'stem'], 'dem'], [['siertá', 'stem'], 'v'], [['yι', 'det.pl'], 'det'], [[""'yε"", 'stem'], 'obl']]","[[['pe', 'stem'], 'obl'], [['komo', 'stem'], 'obl'], [['ngú', 'stem'], 'obl'], [['yι', 'det.pl'], 'det'], [['tsi', 'dim'], ['bähtsí', 'stem'], 'unkwn'], [['ya', 'stem'], 'cnj'], [[""k'ι"", 'stem'], 'dem'], [['siertá', 'stem'], 'v'], [['yι', 'det.pl'], 'det'], [[""'yε"", 'stem'], 'obl']]",True,1.0
rι tsitrabahoso níhí porke puede ke dadúhkíbi yι wá,"[[['rι', 'det'], 'det'], [['tsi', 'dim'], ['trabahoso', 'stem'], 'unkwn'], [['níhí', 'stem'], 'obl'], [['porke', 'stem'], 'cnj'], [['puede', 'stem'], 'v'], [['ke', 'stem'], 'obl'], [['da', '3.pot'], ['dúhkí', 'stem'], ['bi', '3.obj'], 'v'], [['yι', 'det.pl'], 'det'], [['wá', 'stem'], 'obl']]","[[['rι', 'det'], 'det'], [['tsi', 'dim'], ['trabahoso', 'stem'], 'unkwn'], [['níhí', 'stem'], 'obl'], [['porke', 'stem'], 'cnj'], [['puede', 'stem'], 'v'], [['ke', 'stem'], 'obl'], [['da', '3.pot'], ['dúhkí', 'stem'], ['bi', '3.obj'], 'v'], [['yι', 'det.pl'], 'det'], [['wá', 'stem'], 'obl']]",True,1.0
xo dagohyι'wi dagohyι' kwadrado nι rι 'yε,"[[['xo', 'stem'], 'cnj'], [['da', '3.pot'], ['go', 'stem'], ['h', 'lig'], [""yι'"", 'lim'], ['wi', 'prag'], 'v'], [['da', '3.pot'], ['go', 'stem'], ['h', 'lig'], [""yι'"", 'lim'], 'v'], [['kwadrado', 'stem'], 'obl'], [['nι', 'stem'], 'dem'], [['rι', 'det'], 'det'], [[""'yε"", 'stem'], 'obl']]","[[['xo', 'stem'], 'cnj'], [['da', '3.pot'], ['go', 'stem'], ['h', 'lig'], [""yι'"", 'lim'], ['wi', 'prag'], 'v'], [['da', '3.pot'], ['go', 'stem'], ['h', 'lig'], [""yι'"", 'lim'], 'v'], [['kwadrado', 'stem'], 'obl'], [['nι', 'stem'], 'dem'], [['rι', 'det'], 'det'], [[""'yε"", 'stem'], 'obl']]",True,1.0
dótúthó xo dópuede ke dóthuhki tsitsi menorá k'ι rι peso,"[[['dó', '1.cpl'], ['tú', 'stem'], ['thó', 'ila'], 'v'], [['xo', 'stem'], 'cnj'], [['dó', '1.cpl'], ['puede', 'stem'], 'v'], [['ke', 'stem'], 'obl'], [['dó', '1.cpl'], ['thuhki', 'stem'], 'v'], [['tsi', 'dim'], ['tsi', 'dim'], 'unkwn'], [['menorá', 'stem'], 'obl'], [[""k'ι"", 'stem'], 'dem'], [['rι', 'det'], 'det'], [['peso', 'stem'], 'obl']]","[[['dó', '1.cpl'], ['tú', 'stem'], ['thó', 'ila'], 'v'], [['xo', 'stem'], 'cnj'], [['dó', '1.cpl'], ['puede', 'stem'], 'v'], [['ke', 'stem'], 'obl'], [['dó', '1.cpl'], ['thuhki', 'stem'], 'v'], [['tsi', 'dim'], ['tsi', 'dim'], 'unkwn'], [['menorá', 'stem'], 'obl'], [[""k'ι"", 'stem'], 'dem'], [['rι', 'det'], 'det'], [['peso', 'stem'], 'obl']]",True,1.0
híngi puede dahiot'í demás rι tsibúro,"[[['híngi', 'stem'], 'neg'], [['puede', 'stem'], 'v'], [['da', '3.pot'], [""hiot'í"", 'stem'], 'v'], [['demás', 'stem'], 'obl'], [['rι', 'det'], 'det'], [['tsi', 'dim'], ['búro', 'stem'], 'unkwn']]","[[['híngi', 'stem'], 'neg'], [['puede', 'stem'], 'v'], [['da', '3.pot'], [""hiot'í"", 'stem'], 'v'], [['demás', 'stem'], 'obl'], [['rι', 'det'], 'det'], [['tsi', 'dim'], ['búro', 'stem'], 'unkwn']]",True,1.0
komo díkwátíthó k'ι mägoxthí hín dítμté dazμhμ dadμt'í rι goxthí,"[[['komo', 'stem'], 'obl'], [['dí', '1.icp'], ['kwátí', 'stem'], ['thó', 'ila'], 'v'], [[""k'ι"", 'stem'], 'dem'], [['mä', '1.pss'], ['goxthí', 'stem'], 'n'], [['hín', 'stem'], 'neg'], [['dí', '1.icp'], ['tμté', 'stem'], 'v'], [['da', '3.pot'], ['zμhμ', 'stem'], 'v'], [['da', '3.pot'], [""dμt'í"", 'stem'], 'v'], [['rι', 'det'], 'det'], [['goxthí', 'stem'], 'obl']]","[[['komo', 'stem'], 'obl'], [['dí', '1.icp'], ['kwátí', 'stem'], ['thó', 'ila'], 'v'], [[""k'ι"", 'stem'], 'dem'], [['mä', '1.pss'], ['goxthí', 'stem'], 'n'], [['hín', 'stem'], 'neg'], [['dí', '1.icp'], ['tμté', 'stem'], 'v'], [['da', '3.pot'], ['zμhμ', 'stem'], 'v'], [['da', '3.pot'], [""dμt'í"", 'stem'], 'v'], [['rι', 'det'], 'det'], [['goxthí', 'stem'], 'obl']]",True,1.0
o datsμgí dadμt'í así es ke xo nkhák'ú,"[[['o', 'stem'], 'conj.adv'], [['da', '3.pot'], ['tsμ', 'stem'], ['gí', '1.obj'], 'v'], [['da', '3.pot'], [""dμt'í"", 'stem'], 'v'], [['así', 'stem'], 'obl'], [['es', 'stem'], 'obl'], [['ke', 'stem'], 'obl'], [['xo', 'stem'], 'cnj'], [['nkhá', 'stem'], [""k'ú"", 'loc'], 'v']]","[[['o', 'stem'], 'conj.adv'], [['da', '3.pot'], ['tsμ', 'stem'], ['gí', '1.obj'], 'v'], [['da', '3.pot'], [""dμt'í"", 'stem'], 'v'], [['así', 'stem'], 'obl'], [['es', 'stem'], 'obl'], [['ke', 'stem'], 'obl'], [['xo', 'stem'], 'cnj'], [['nkhá', 'stem'], [""k'ú"", 'loc'], 'v']]",True,1.0
gehña xo bimá rι mokhá bimámáhtiyι'winι,"[[['gehña', 'stem'], 'cnj'], [['xo', 'stem'], 'cnj'], [['bi', '3.cpl'], ['má', 'stem'], 'v'], [['rι', 'det'], 'det'], [['mokhá', 'stem'], 'obl'], [['bi', '3.cpl'], ['má', 'ctrf'], ['máhti', 'stem'], [""yι'"", 'lim'], ['wi', 'prag'], ['nι', 'dem'], 'v']]","[[['gehña', 'stem'], 'cnj'], [['xo', 'stem'], 'cnj'], [['bi', '3.cpl'], ['má', 'stem'], 'v'], [['rι', 'det'], 'det'], [['mokhá', 'stem'], 'obl'], [['bi', '3.cpl'], ['má', 'ctrf'], ['máhti', 'stem'], [""yι'"", 'lim'], ['wi', 'prag'], ['nι', 'dem'], 'v']]",True,1.0
rι ndomingoyι'nι damápresentáyι'nι,"[[['rι', 'det'], 'det'], [['ndomingo', 'stem'], [""yι'"", 'lim'], ['nι', 'dem'], 'unkwn'], [['da', '3.pot'], ['má', 'ctrf'], ['presentá', 'stem'], [""yι'"", 'lim'], ['nι', 'dem'], 'v']]","[[['rι', 'det'], 'det'], [['ndomingo', 'stem'], [""yι'"", 'lim'], ['nι', 'dem'], 'unkwn'], [['da', '3.pot'], ['má', 'ctrf'], ['presentá', 'stem'], [""yι'"", 'lim'], ['nι', 'dem'], 'v']]",True,1.0
o ndímáphódihé yι phání o xo yι ndäni,"[[['o', 'stem'], 'conj.adv'], [['n', 'psd'], ['dí', '1.icp'], ['má', 'ctrf'], ['phódi', 'stem'], ['hé', 'pl.exc'], 'v'], [['yι', 'det.pl'], 'det'], [['phání', 'stem'], 'obl'], [['o', 'stem'], 'conj.adv'], [['xo', 'stem'], 'cnj'], [['yι', 'det.pl'], 'det'], [['ndäni', 'stem'], 'obl']]","[[['o', 'stem'], 'conj.adv'], [['n', 'psd'], ['dí', '1.icp'], ['má', 'ctrf'], ['phódi', 'stem'], ['hé', 'pl.exc'], 'v'], [['yι', 'det.pl'], 'det'], [['phání', 'stem'], 'obl'], [['o', 'stem'], 'conj.adv'], [['xo', 'stem'], 'cnj'], [['yι', 'det.pl'], 'det'], [['ndäni', 'stem'], 'obl']]",True,1.0
pitótónyι' yι tsibeserrayι' porke me gusta,"[[['pi', 'it'], ['tó', '1.prf'], ['tón', 'stem'], [""yι'"", 'lim'], 'v'], [['yι', 'det.pl'], 'det'], [['tsi', 'dim'], ['beserra', 'stem'], [""yι'"", 'lim'], 'unkwn'], [['porke', 'stem'], 'cnj'], [['me', 'stem'], 'obl'], [['gusta', 'stem'], 'v']]","[[['pi', 'it'], ['tó', '1.prf'], ['tón', 'stem'], [""yι'"", 'lim'], 'v'], [['yι', 'det.pl'], 'det'], [['tsi', 'dim'], ['beserra', 'stem'], [""yι'"", 'lim'], 'unkwn'], [['porke', 'stem'], 'cnj'], [['me', 'stem'], 'obl'], [['gusta', 'stem'], 'v']]",True,1.0
gehñawi dóñówi wa rι yóho wa rι ñú paso dó'éí,"[[['gehña', 'mod'], ['wi', 'prag'], 'unkwn'], [['dó', '1.cpl'], ['ñó', 'stem'], ['wi', 'prag'], 'v'], [['wa', 'stem'], 'adv'], [['rι', 'det'], 'det'], [['yóho', 'stem'], 'obl'], [['wa', 'stem'], 'adv'], [['rι', 'det'], 'det'], [['ñú', 'stem'], 'obl'], [['paso', 'stem'], 'obl'], [['dó', '1.cpl'], [""'éí"", 'stem'], 'v']]","[[['gehña', 'mod'], ['wi', 'prag'], 'unkwn'], [['dó', '1.cpl'], ['ñó', 'stem'], ['wi', 'prag'], 'v'], [['wa', 'stem'], 'adv'], [['rι', 'det'], 'det'], [['yóho', 'stem'], 'obl'], [['wa', 'stem'], 'adv'], [['rι', 'det'], 'det'], [['ñú', 'stem'], 'obl'], [['paso', 'stem'], 'obl'], [['dó', '1.cpl'], [""'éí"", 'stem'], 'v']]",True,1.0
xo hína bikhá rιtsidádá dípμnihé rι zo',"[[['xo', 'stem'], 'cnj'], [['hína', 'stem'], 'neg'], [['bi', '3.cpl'], ['khá', 'stem'], 'v'], [['rι', 'det'], ['tsi', 'dim'], ['dádá', 'stem'], 'n'], [['dí', '1.icp'], ['pμni', 'stem'], ['hé', 'pl.exc'], 'v'], [['rι', 'det'], 'det'], [[""zo'"", 'stem'], 'obl']]","[[['xo', 'stem'], 'cnj'], [['hína', 'stem'], 'neg'], [['bi', '3.cpl'], ['khá', 'stem'], 'v'], [['rι', 'det'], ['tsi', 'dim'], ['dádá', 'stem'], 'n'], [['dí', '1.icp'], ['pμni', 'stem'], ['hé', 'pl.exc'], 'v'], [['rι', 'det'], 'det'], [[""zo'"", 'stem'], 'obl']]",True,1.0
nuyι xo díhátsμthóhéyι' dítsíhé ná rι refreskó ná rι téxo,"[[['nuyι', 'stem'], 'obl'], [['xo', 'stem'], 'cnj'], [['dí', '1.icp'], ['hátsμ', 'stem'], ['thó', 'ila'], ['hé', 'pl.exc'], [""yι'"", 'lim'], 'v'], [['dí', '1.icp'], ['tsí', 'stem'], ['hé', 'pl.exc'], 'v'], [['ná', 'stem'], 'obl'], [['rι', 'det'], 'det'], [['refreskó', 'stem'], 'obl'], [['ná', 'stem'], 'obl'], [['rι', 'det'], 'det'], [['téxo', 'stem'], 'obl']]","[[['nuyι', 'stem'], 'obl'], [['xo', 'stem'], 'cnj'], [['dí', '1.icp'], ['hátsμ', 'stem'], ['thó', 'ila'], ['hé', 'pl.exc'], [""yι'"", 'lim'], 'v'], [['dí', '1.icp'], ['tsí', 'stem'], ['hé', 'pl.exc'], 'v'], [['ná', 'stem'], 'obl'], [['rι', 'det'], 'det'], [['refreskó', 'stem'], 'obl'], [['ná', 'stem'], 'obl'], [['rι', 'det'], 'det'], [['téxo', 'stem'], 'obl']]",True,1.0
díné gopμtse k'ι rι xits'ó pe híngi tso,"[[['dí', '1.icp'], ['né', 'stem'], 'v'], [['go', '1.pot'], ['pμtse', 'stem'], 'v'], [[""k'ι"", 'stem'], 'dem'], [['rι', 'det'], 'det'], [[""xits'ó"", 'stem'], 'obl'], [['pe', 'stem'], 'obl'], [['híngi', 'stem'], 'neg'], [['tso', 'stem'], 'v']]","[[['dí', '1.icp'], ['né', 'stem'], 'v'], [['go', '1.pot'], ['pμtse', 'stem'], 'v'], [[""k'ι"", 'stem'], 'dem'], [['rι', 'det'], 'det'], [[""xits'ó"", 'stem'], 'obl'], [['pe', 'stem'], 'obl'], [['híngi', 'stem'], 'neg'], [['tso', 'stem'], 'v']]",True,1.0
díxihkó xo xathó k'ι ritambór dí'imbí,"[[['dí', '1.icp'], ['xi', 'stem'], ['h', 'lig'], ['kó', '2'], 'v'], [['xo', 'stem'], 'cnj'], [['xathó', 'stem'], 'obl'], [[""k'ι"", 'stem'], 'dem'], [['ri', '2.pss'], ['tambór', 'stem'], 'n'], [['dí', '1.icp'], [""'imbí"", 'stem'], 'v']]","[[['dí', '1.icp'], ['xi', 'stem'], ['h', 'lig'], ['kó', '2'], 'v'], [['xo', 'stem'], 'cnj'], [['xathó', 'stem'], 'obl'], [[""k'ι"", 'stem'], 'dem'], [['ri', '2.pss'], ['tambór', 'stem'], 'n'], [['dí', '1.icp'], [""'imbí"", 'stem'], 'v']]",True,1.0
este gotsμhmé 'á xo gok'átihé 'á déhéwi,"[[['este', 'stem'], 'obl'], [['go', '1.pot'], ['tsμ', 'stem'], ['h', 'lig'], ['mé', 'pl.exc'], 'v'], [[""'á"", 'stem'], 'p.loc'], [['xo', 'stem'], 'cnj'], [['go', '1.pot'], [""k'áti"", 'stem'], ['hé', 'pl.exc'], 'v'], [[""'á"", 'stem'], 'p.loc'], [['déhé', 'stem'], ['wi', 'prag'], 'unkwn']]","[[['este', 'stem'], 'obl'], [['go', '1.pot'], ['tsμ', 'stem'], ['h', 'lig'], ['mé', 'pl.exc'], 'v'], [[""'á"", 'stem'], 'p.loc'], [['xo', 'stem'], 'cnj'], [['go', '1.pot'], [""k'áti"", 'stem'], ['hé', 'pl.exc'], 'v'], [[""'á"", 'stem'], 'p.loc'], [['déhé', 'stem'], ['wi', 'prag'], 'unkwn']]",True,1.0
este ndímák'μhkíhé k'ι rι hió dénthíyι'wi,"[[['este', 'stem'], 'obl'], [['n', 'psd'], ['dí', '1.icp'], ['má', 'ctrf'], [""k'μhkí"", 'stem'], ['hé', 'pl.exc'], 'v'], [[""k'ι"", 'stem'], 'dem'], [['rι', 'det'], 'det'], [['hió', 'stem'], 'obl'], [['dénthí', 'stem'], [""yι'"", 'lim'], ['wi', 'prag'], 'unkwn']]","[[['este', 'stem'], 'obl'], [['n', 'psd'], ['dí', '1.icp'], ['má', 'ctrf'], [""k'μhkí"", 'stem'], ['hé', 'pl.exc'], 'v'], [[""k'ι"", 'stem'], 'dem'], [['rι', 'det'], 'det'], [['hió', 'stem'], 'obl'], [['dénthí', 'stem'], [""yι'"", 'lim'], ['wi', 'prag'], 'unkwn']]",True,1.0
k'ι rι dénthí pa dáphμdihé k'ι rι phμi,"[[[""k'ι"", 'stem'], 'dem'], [['rι', 'det'], 'det'], [['dénthí', 'stem'], 'obl'], [['pa', 'stem'], 'obl'], [['dá', '1.icp'], ['phμdi', 'stem'], ['hé', 'pl.exc'], 'v'], [[""k'ι"", 'stem'], 'dem'], [['rι', 'det'], 'det'], [['phμi', 'stem'], 'obl']]","[[[""k'ι"", 'stem'], 'dem'], [['rι', 'det'], 'det'], [['dénthí', 'stem'], 'obl'], [['pa', 'stem'], 'obl'], [['dá', '1.icp'], ['phμdi', 'stem'], ['hé', 'pl.exc'], 'v'], [[""k'ι"", 'stem'], 'dem'], [['rι', 'det'], 'det'], [['phμi', 'stem'], 'obl']]",True,1.0
este gehña xo gophμdihé k'ι rι phμiyι'wi,"[[['este', 'stem'], 'obl'], [['gehña', 'stem'], 'cnj'], [['xo', 'stem'], 'cnj'], [['go', '1.pot'], ['phμdi', 'stem'], ['hé', 'pl.exc'], 'v'], [[""k'ι"", 'stem'], 'dem'], [['rι', 'det'], 'det'], [['phμi', 'stem'], [""yι'"", 'lim'], ['wi', 'prag'], 'unkwn']]","[[['este', 'stem'], 'obl'], [['gehña', 'stem'], 'cnj'], [['xo', 'stem'], 'cnj'], [['go', '1.pot'], ['phμdi', 'stem'], ['hé', 'pl.exc'], 'v'], [[""k'ι"", 'stem'], 'dem'], [['rι', 'det'], 'det'], [['phμi', 'stem'], [""yι'"", 'lim'], ['wi', 'prag'], 'unkwn']]",True,1.0
despwés de gotsμ eskwéla gomábódi gomáphó yι ndäni,"[[['despwés', 'stem'], 'obl'], [['de', 'stem'], 'obl'], [['go', '1.pot'], ['tsμ', 'stem'], 'v'], [['eskwéla', 'stem'], 'obl'], [['go', '1.pot'], ['má', 'ctrf'], ['bódi', 'stem'], 'v'], [['go', '1.pot'], ['má', 'ctrf'], ['phó', 'stem'], 'v'], [['yι', 'det.pl'], 'det'], [['ndäni', 'stem'], 'obl']]","[[['despwés', 'stem'], 'obl'], [['de', 'stem'], 'obl'], [['go', '1.pot'], ['tsμ', 'stem'], 'v'], [['eskwéla', 'stem'], 'obl'], [['go', '1.pot'], ['má', 'ctrf'], ['bódi', 'stem'], 'v'], [['go', '1.pot'], ['má', 'ctrf'], ['phó', 'stem'], 'v'], [['yι', 'det.pl'], 'det'], [['ndäni', 'stem'], 'obl']]",True,1.0
o mμ nchúdi gonántsi nditemprano las sínko de la mañana,"[[['o', 'stem'], 'conj.adv'], [['mμ', 'stem'], 'cnj'], [['nchúdi', 'stem'], 'obl'], [['go', '1.pot'], ['nántsi', 'stem'], 'v'], [['n', 'psd'], ['di', '3.icp.irr'], ['temprano', 'stem'], 'v'], [['las', 'stem'], 'obl'], [['sínko', 'stem'], 'obl'], [['de', 'stem'], 'obl'], [['la', 'stem'], 'obl'], [['mañana', 'stem'], 'obl']]","[[['o', 'stem'], 'conj.adv'], [['mμ', 'stem'], 'cnj'], [['nchúdi', 'stem'], 'obl'], [['go', '1.pot'], ['nántsi', 'stem'], 'v'], [['n', 'psd'], ['di', '3.icp.irr'], ['temprano', 'stem'], 'v'], [['las', 'stem'], 'obl'], [['sínko', 'stem'], 'obl'], [['de', 'stem'], 'obl'], [['la', 'stem'], 'obl'], [['mañana', 'stem'], 'obl']]",True,1.0
porke kasi kasi hítsá bit'ahkihé eskwéla,"[[['porke', 'stem'], 'cnj'], [['kasi', 'stem'], 'cnj'], [['kasi', 'stem'], 'cnj'], [['hítsá', 'stem'], 'neg'], [['bi', '3.cpl'], [""t'ahki"", 'stem'], ['hé', 'pl.exc'], 'v'], [['eskwéla', 'stem'], 'obl']]","[[['porke', 'stem'], 'cnj'], [['kasi', 'stem'], 'cnj'], [['kasi', 'stem'], 'cnj'], [['hítsá', 'stem'], 'neg'], [['bi', '3.cpl'], [""t'ahki"", 'stem'], ['hé', 'pl.exc'], 'v'], [['eskwéla', 'stem'], 'obl']]",True,1.0
k'ι yι thäyι' xo mipε'ts'iyι'wi xo genk'ι ndímátsíhéyι'wik'ι,"[[[""k'ι"", 'stem'], 'dem'], [['yι', 'det.pl'], 'det'], [['thä', 'stem'], [""yι'"", 'lim'], 'unkwn'], [['xo', 'stem'], 'cnj'], [['m', 'psd'], ['i', '3.icp'], [""pε'ts'i"", 'stem'], [""yι'"", 'lim'], ['wi', 'prag'], 'v'], [['xo', 'stem'], 'cnj'], [['gen', 'dem'], [""k'ι"", 'dem'], 'unkwn'], [['n', 'psd'], ['dí', '1.icp'], ['má', 'ctrf'], ['tsí', 'stem'], ['hé', 'pl.exc'], [""yι'"", 'lim'], ['wi', 'prag'], [""k'ι"", 'dem'], 'v']]","[[[""k'ι"", 'stem'], 'dem'], [['yι', 'det.pl'], 'det'], [['thä', 'stem'], [""yι'"", 'lim'], 'unkwn'], [['xo', 'stem'], 'cnj'], [['m', 'psd'], ['i', '3.icp'], [""pε'ts'i"", 'stem'], [""yι'"", 'lim'], ['wi', 'prag'], 'v'], [['xo', 'stem'], 'cnj'], [['gen', 'dem'], [""k'ι"", 'dem'], 'unkwn'], [['n', 'psd'], ['dí', '1.icp'], ['má', 'ctrf'], ['tsí', 'stem'], ['hé', 'pl.exc'], [""yι'"", 'lim'], ['wi', 'prag'], [""k'ι"", 'dem'], 'v']]",True,1.0
dítähé k'ι nι rι t'íhtä para tsógihé,"[[['dí', '1.icp'], ['tä', 'stem'], ['hé', 'pl.exc'], 'v'], [[""k'ι"", 'stem'], 'dem'], [['nι', 'stem'], 'dem'], [['rι', 'det'], 'det'], [[""t'íhtä"", 'stem'], 'obl'], [['para', 'stem'], 'obl'], [['tsógi', 'stem'], ['hé', 'pl.exc'], 'v']]","[[['dí', '1.icp'], ['tä', 'stem'], ['hé', 'pl.exc'], 'v'], [[""k'ι"", 'stem'], 'dem'], [['nι', 'stem'], 'dem'], [['rι', 'det'], 'det'], [[""t'íhtä"", 'stem'], 'obl'], [['para', 'stem'], 'obl'], [['tsógi', 'stem'], ['hé', 'pl.exc'], 'v']]",True,1.0
